protein_id	gold	category	substrate	host
DepoCat_0367_12	1	depolymerase	K62	Klebsiella
DepoCat_0391_03	1	depolymerase	K3	Klebsiella
DepoCat_0391_11	1	depolymerase	K62	Klebsiella
DepoCat_0496_72	1	depolymerase	KL122	Klebsiella
DepoCat_0574_17	1	depolymerase	K14	Klebsiella
DepoCat_1091_44	1	depolymerase	K64/KL178	Klebsiella
DepoCat_1248_57	1	depolymerase	K23	Klebsiella
DepoCat_1251_37	1	depolymerase	K28	Klebsiella
DepoCat_1409_59	1	depolymerase	K23	Klebsiella
DepoCat_1441_47	1	depolymerase	K23	Klebsiella
DepoCat_1723_59	1	depolymerase	K60	Klebsiella
DepoCat_1724_71	1	depolymerase	K60	Klebsiella
DepoCat_184_43	1	depolymerase	KL111	Klebsiella
DepoCat_248_38	1	depolymerase	K46	Klebsiella
DepoCat_319_37	1	depolymerase	KL127	Klebsiella
DepoCat_434_33	1	depolymerase	K52	Klebsiella
DepoCat_617_77	1	depolymerase	K38	Klebsiella
DepoCat_738_68	1	depolymerase	KL143	Klebsiella
DepoCat_914_74	1	depolymerase	K62	Klebsiella
DepoCat_914_77	1	depolymerase	K32	Klebsiella
PDB_1H09_1	1	lysozyme	peptidoglycan (β1→4, NAM-NAG)	
PDB_1OBA_1	1	lysozyme	peptidoglycan (β1→4, NAM-NAG)	
PDB_5A6S_1	1	endolysin	peptidoglycan (β1→4, NAM-NAG)	
PDB_5A6S_2	1	endolysin	peptidoglycan (β1→4, NAM-NAG)	
PDB_5JGN_1	1	endolysin	peptidoglycan (β1→4, NAM-NAG)	
PDB_5JGR_1	1	endolysin	peptidoglycan (β1→4, NAM-NAG)	
PDB_5JGU_1	1	endolysin	peptidoglycan (β1→4, NAM-NAG)	
PDB_5JGV_1	1	endolysin	peptidoglycan (β1→4, NAM-NAG)	
PDB_5JGX_1	1	endolysin	peptidoglycan (β1→4, NAM-NAG)	
PDB_5JGZ_1	1	endolysin	peptidoglycan (β1→4, NAM-NAG)	
PDB_6PSK_1	1	holin	inner membrane (pore formation)	
PDB_6PSK_2	1	holin	inner membrane (pore formation)	
PDB_6PX4_2	1	holin	inner membrane (pore formation)	
PDB_6PXE_2	1	holin	inner membrane (pore formation)	
PhaLP_O64046	1	VAL	peptidoglycan	
PhaLP_P03726	1	VAL	peptidoglycan (glycan strand)	
PhaLP_P07582	1	VAL	peptidoglycan (mDAP-D-Ala cross-bridge)	
PhaLP_P13559	1	VAL	peptidoglycan (β1→4, NAM-NAG)	
PhaLP_P27380	1	VAL	peptidoglycan (glycan strand)	
PhaLP_Q7Y5N4	1	VAL	peptidoglycan	
DepoCat_B1dep	1	depolymerase	K13;K2	Klebsiella
DepoCat_BMacgp22	1	depolymerase	K2	Klebsiella
DepoCat_CDS_0168	1	depolymerase	K57;K68	Klebsiella
DepoCat_CDS_0281	1	depolymerase	KL124	Klebsiella
DepoCat_CDS_0282	1	depolymerase	K54	Klebsiella
DepoCat_CDS_0283	1	depolymerase	K35	Klebsiella
DepoCat_CDS_0285	1	depolymerase	K3;K26;KL173	Klebsiella
DepoCat_CDS_0287	1	depolymerase	K64;KL178	Klebsiella
DepoCat_CDS_0288	1	depolymerase	KL151	Klebsiella
DepoCat_CDS_0289	1	depolymerase	KL121	Klebsiella
DepoCat_CDS_0290	1	depolymerase	K3;KL116	Klebsiella
DepoCat_CDS_0291	1	depolymerase	K6	Klebsiella
DepoCat_CDS_0292_1	1	depolymerase	K74;K80	Klebsiella
DepoCat_CDS_0293	1	depolymerase	KL148	Klebsiella
DepoCat_Dep108.1	1	depolymerase	KL108	Klebsiella
DepoCat_Dep108.2	1	depolymerase	KL108	Klebsiella
DepoCat_Dep1979	1	depolymerase	K2	Klebsiella
DepoCat_Dep42	1	depolymerase	K47	Klebsiella
DepoCat_Dep622	1	depolymerase	K23	Klebsiella
DepoCat_DepS8	1	depolymerase	K23	Klebsiella
DepoCat_Dep_C	1	depolymerase	K54	Klebsiella
DepoCat_Dep_Y	1	depolymerase	K54	Klebsiella
DepoCat_Dep_Z	1	depolymerase	K54	Klebsiella
DepoCat_Dep_ZX1	1	depolymerase	K57	Klebsiella
DepoCat_Dep_kpv767	1	depolymerase	K57	Klebsiella
DepoCat_Dep_kpv79	1	depolymerase	K57	Klebsiella
DepoCat_Depo32	1	depolymerase	K2	Klebsiella
DepoCat_Dop5	1	depolymerase	K30	Klebsiella
DepoCat_Dp42	1	depolymerase	KL101;KL120;KL170	Klebsiella
DepoCat_DpK2	1	depolymerase	K2	Klebsiella
DepoCat_Dpo42	1	depolymerase	K47	Klebsiella
DepoCat_Dpo43	1	depolymerase	K47	Klebsiella
PDB_3HDF_1	1	lysozyme	peptidoglycan	Escherichia coli
PDB_5JWS_1	1	endolysin	peptidoglycan	Escherichia coli
PDB_5JWU_1	1	endolysin	peptidoglycan	Escherichia coli
PDB_5KGR_1	1	endolysin	peptidoglycan	Escherichia coli
PDB_7M5I_1	1	endolysin	peptidoglycan	Escherichia coli O157:H7
PDB_7Q47_1	1	endolysin	peptidoglycan	Hafnia alvei
PDB_7Q4S_1	1	endolysin	peptidoglycan	Pseudomonas aeruginosa
PDB_7RUM_1	1	endolysin	peptidoglycan	Salmonella enterica
PDB_8APP_1	1	endolysin	peptidoglycan	Acinetobacter baumannii
PDB_8HP8_1	1	endolysin	peptidoglycan	Escherichia coli
PDB_8TW1_1	1	endolysin	peptidoglycan	Streptococcus thermophilus
PhaLP_A0A088FLK9	1	endolysin	peptidoglycan	Thermus thermophilus
PhaLP_A0A0M4F9K9	1	endolysin	peptidoglycan	Acinetobacter baumannii
PhaLP_B8QIR1	1	endolysin	peptidoglycan	Staphylococcus aureus
PhaLP_Q8SCY1	1	VAL	peptidoglycan	Pseudomonas aeruginosa
PX446291_75	0	decoy		
NC_041911_136	0	decoy		
OP068343_161	0	decoy		
NC_009760_6	0	decoy		
NC_048763_51	0	decoy		
CP017837_55	0	decoy		
NC_048659_18	0	decoy		
PX425757.1_113	0	decoy		
PX904472.1_269	0	decoy		
JX262222_21	0	decoy		
NC_026608_25	0	decoy		
NC_028991_18	0	decoy		
NC_070850_57	0	decoy		
NC_020875_89	0	decoy		
OY978784_203	0	decoy		
LC483177_55	0	decoy		
NC_048812_3	0	decoy		
PQ184827_52	0	decoy		
OL539457_8	0	decoy		
MN871503_2	0	decoy		
PZ172979.1_50	0	decoy		
MN908691_129	0	decoy		
PV036410_6	0	decoy		
OR602703_43	0	decoy		
ON970602_60	0	decoy		
MW812341_181	0	decoy		
OR001929_56	0	decoy		
LR535904_173	0	decoy		
PQ015378_360	0	decoy		
OR287810_44	0	decoy		
MH595538_8	0	decoy		
PP768166_12	0	decoy		
PP526940_15	0	decoy		
NC_022761_156	0	decoy		
PP747318_26	0	decoy		
KJ019080_80	0	decoy		
PQ336911_30	0	decoy		
OP009268_21	0	decoy		
PP496443_120	0	decoy		
CP051279_2	0	decoy		
NC_028248_87	0	decoy		
NC_049485_50	0	decoy		
NC_055853_21	0	decoy		
NC_019486_48	0	decoy		
NC_004914_29	0	decoy		
PX682329.1_47	0	decoy		
OQ129426_86	0	decoy		
PP738797_8	0	decoy		
NC_102779_159	0	decoy		
ON602752_53	0	decoy		
ON556632_46	0	decoy		
PQ493640_83	0	decoy		
OR845138_16	0	decoy		
OQ436960_6	0	decoy		
MT585313_46	0	decoy		
MT241605_17	0	decoy		
PP063011_28	0	decoy		
NC_054952_222	0	decoy		
LC554890_197	0	decoy		
LR990835_119	0	decoy		
PQ154629_243	0	decoy		
NC_049934_22	0	decoy		
MG592562_112	0	decoy		
OK331996_166	0	decoy		
MK977696_184	0	decoy		
PP541513_103	0	decoy		
MN586047_35	0	decoy		
PX054590_45	0	decoy		
NC_023693_196	0	decoy		
MW291023_113	0	decoy		
MN096370_53	0	decoy		
OX335383_26	0	decoy		
PX283050_20	0	decoy		
PQ758395_149	0	decoy		
LC768462_93	0	decoy		
OQ338184_46	0	decoy		
NC_029314_5	0	decoy		
PV593737_251	0	decoy		
NC_105101_23	0	decoy		
NC_041980_1	0	decoy		
OR052631_49	0	decoy		
OX241437_160	0	decoy		
PP100844_68	0	decoy		
PP926509_73	0	decoy		
MN062701_203	0	decoy		
MT161459_198	0	decoy		
KX349319_52	0	decoy		
KY065465_47	0	decoy		
OK638201_107	0	decoy		
OQ973471_11	0	decoy		
NC_019538_405	0	decoy		
MH271297_62	0	decoy		
NC_031934_28	0	decoy		
OQ383623_87	0	decoy		
NC_049506_185	0	decoy		
NC_055791_41	0	decoy		
MZ417326_8	0	decoy		
NC_024215_10	0	decoy		
MH229864_2	0	decoy		
PQ330092_184	0	decoy		
PV745554_174	0	decoy		
NC_027385_3	0	decoy		
EU770222_28	0	decoy		
AP014889_53	0	decoy		
ON526969_28	0	decoy		
OK275493_64	0	decoy		
PX405662_46	0	decoy		
MN698248_28	0	decoy		
PP856728_62	0	decoy		
OP828577_11	0	decoy		
OQ570641_88	0	decoy		
OM103159_31	0	decoy		
KT895374_129	0	decoy		
PQ352032_33	0	decoy		
PQ201085_69	0	decoy		
MK279877_78	0	decoy		
KJ019026_186	0	decoy		
PV130724_218	0	decoy		
OP172637_18	0	decoy		
MT723933_32	0	decoy		
MZ375282_16	0	decoy		
OR424354_5	0	decoy		
MK360024_48	0	decoy		
PP978851_47	0	decoy		
PX408738.1_51	0	decoy		
NC_004664_1	0	decoy		
NC_015263_141	0	decoy		
NC_048743_93	0	decoy		
MW677520_23	0	decoy		
MZ234030_227	0	decoy		
PP925826_215	0	decoy		
ON995367_18	0	decoy		
ON528734_68	0	decoy		
MZ234033_2	0	decoy		
PX313717_125	0	decoy		
MH015255_107	0	decoy		
MZ820085_86	0	decoy		
KR080193_44	0	decoy		
KX356061.1_102	0	decoy		
OP913463_164	0	decoy		
PP063009_17	0	decoy		
ON170136_23	0	decoy		
OP451961_13	0	decoy		
ON146294_22	0	decoy		
OR844993_61	0	decoy		
OK490415_19	0	decoy		
NC_043027_4	0	decoy		
OP778610_87	0	decoy		
PZ086331.1_287	0	decoy		
OR786373_12	0	decoy		
NC_019400_128	0	decoy		
NC_111353_48	0	decoy		
OX335416_207	0	decoy		
OX335393_12	0	decoy		
OM105885_27	0	decoy		
PQ600365_13	0	decoy		
NC_055745_21	0	decoy		
NC_042013_280	0	decoy		
NC_047784_30	0	decoy		
PP763601_59	0	decoy		
NC_073597_14	0	decoy		
NC_055891_53	0	decoy		
NC_023717_78	0	decoy		
OQ973471_40	0	decoy		
MN994500_63	0	decoy		
NC_011421_50	0	decoy		
PX884078.1_56	0	decoy		
MZ234052_176	0	decoy		
ON170073_5	0	decoy		
PP341282_68	0	decoy		
JX403939_27	0	decoy		
PX596716_67	0	decoy		
MZ773939_58	0	decoy		
NC_073594_75	0	decoy		
PV364321_48	0	decoy		
MN176224_28	0	decoy		
NC_025830_119	0	decoy		
MW812340_201	0	decoy		
NC_015279_240	0	decoy		
PP978875_103	0	decoy		
OR757454_221	0	decoy		
NC_070992_45	0	decoy		
MW367898_218	0	decoy		
MG592537_212	0	decoy		
PP988283_189	0	decoy		
NC_047838_17	0	decoy		
PQ541116_93	0	decoy		
LN610583_105	0	decoy		
NC_051596_17	0	decoy		
NC_051614_90	0	decoy		
BK061312_31	0	decoy		
MW602648_37	0	decoy		
LC680885_242	0	decoy		
ON970578_55	0	decoy		
PX866612.1_31	0	decoy		
PQ675598_29	0	decoy		
MZ501098_51	0	decoy		
MG592482_52	0	decoy		
MK977694_232	0	decoy		
NC_073320_32	0	decoy		
NC_041912_10	0	decoy		
NC_054975_62	0	decoy		
PP738789_80	0	decoy		
MH697579_136	0	decoy		
PQ657772_381	0	decoy		
PQ850629_13	0	decoy		
PQ785585_38	0	decoy		
MN329676_13	0	decoy		
MW202898_35	0	decoy		
KR080201_78	0	decoy		
PX852245.1_9	0	decoy		
OZ335961.1_216	0	decoy		
NC_054148_38	0	decoy		
AP012531_1	0	decoy		
MZ443789_187	0	decoy		
NC_047741_45	0	decoy		
NC_052654_243	0	decoy		
MN508817_2	0	decoy		
OR204649_68	0	decoy		
OQ921348_60	0	decoy		
MK290738_44	0	decoy		
KY940711_31	0	decoy		
LC667451_1	0	decoy		
MZ043613_168	0	decoy		
OR729889_89	0	decoy		
NC_070703_12	0	decoy		
NC_041994_92	0	decoy		
OZ196721_9	0	decoy		
MH221129_7	0	decoy		
MG945714_2	0	decoy		
OZ346230_161	0	decoy		
PP856714_28	0	decoy		
MK448971_46	0	decoy		
OR420753_22	0	decoy		
MN698240_35	0	decoy		
OQ129426_18	0	decoy		
PV446633_37	0	decoy		
NC_027329_44	0	decoy		
MF158041_33	0	decoy		
KX369585_73	0	decoy		
MT498037_95	0	decoy		
NC_021073_134	0	decoy		
OR786374_51	0	decoy		
MZ417349_25	0	decoy		
MT360682_34	0	decoy		
OR892555_52	0	decoy		
MZ417346_41	0	decoy		
PQ384582_62	0	decoy		
MH992222_3	0	decoy		
MH230177_45	0	decoy		
PX105067_3	0	decoy		
NC_049393_6	0	decoy		
NC_048170_92	0	decoy		
NC_070925_1	0	decoy		
PV683228_105	0	decoy		
PQ189383_5	0	decoy		
PZ172980.1_64	0	decoy		
PX630720_40	0	decoy		
MK376963_55	0	decoy		
ON529863_28	0	decoy		
MH051248_24	0	decoy		
OX335441_9	0	decoy		
PV612228_54	0	decoy		
NC_062735_192	0	decoy		
MH399782_68	0	decoy		
MT663720_30	0	decoy		
OR850760_48	0	decoy		
OP172725_40	0	decoy		
PQ868987_48	0	decoy		
OR881364_68	0	decoy		
PQ844484_74	0	decoy		
PX530448_53	0	decoy		
PV928965_69	0	decoy		
MN698241_82	0	decoy		
MW677529_55	0	decoy		
KT895374_131	0	decoy		
PX585279_9	0	decoy		
LR756502_551	0	decoy		
PX879978.1_19	0	decoy		
PX943720.1_11	0	decoy		
NC_054788_47	0	decoy		
NC_047910_23	0	decoy		
NC_073761_1	0	decoy		
PP197247_37	0	decoy		
NC_007497_46	0	decoy		
NC_049380_103	0	decoy		
NC_028829_239	0	decoy		
PP438405_34	0	decoy		
MK290737_95	0	decoy		
MZ456352_99	0	decoy		
PX380331.1_51	0	decoy		
NC_022918_165	0	decoy		
MW349128_131	0	decoy		
MG592537_136	0	decoy		
MK448970_47	0	decoy		
MF288919_137	0	decoy		
OQ129425_94	0	decoy		
NC_021803_95	0	decoy		
OP292654_333	0	decoy		
PP479939_77	0	decoy		
OL539443_47	0	decoy		
PV956269_12	0	decoy		
MH533020_195	0	decoy		
PV658498_18	0	decoy		
OR113388_60	0	decoy		
PQ474795_1	0	decoy		
MZ089761_7	0	decoy		
MT074444_10	0	decoy		
OP068330_36	0	decoy		
OL455890_20	0	decoy		
PQ818762_161	0	decoy		
PP978788_8	0	decoy		
NC_055822_83	0	decoy		
MT446401_32	0	decoy		
MH316566_76	0	decoy		
LR756502_229	0	decoy		
PX283045_13	0	decoy		
OR896838_37	0	decoy		
PQ184785_23	0	decoy		
PP763258_83	0	decoy		
MN585970_36	0	decoy		
MZ444140_121	0	decoy		
NC_054788_38	0	decoy		
NC_030948_31	0	decoy		
NC_048196_170	0	decoy		
NC_047889_54	0	decoy		
OP628076_212	0	decoy		
MN175679_35	0	decoy		
MW570842_38	0	decoy		
PX833373.1_67	0	decoy		
PP197245_29	0	decoy		
OQ555808_79	0	decoy		
NC_009603_48	0	decoy		
PV072756_65	0	decoy		
PV454341_20	0	decoy		
PX867093.1_18	0	decoy		
MH707436_115	0	decoy		
MN369764_19	0	decoy		
NC_017969_153	0	decoy		
PX131138.1_25	0	decoy		
OK539913_6	0	decoy		
OM103161_72	0	decoy		
OL539471_94	0	decoy		
PP579741_135	0	decoy		
OR567511_7	0	decoy		
NC_054952_73	0	decoy		
NC_070723_1	0	decoy		
NC_014660_183	0	decoy		
PX930629.1_12	0	decoy		
MH707431_72	0	decoy		
MW202577_10	0	decoy		
NC_070843_60	0	decoy		
OM386658_207	0	decoy		
LC483177_36	0	decoy		
PV019367_230	0	decoy		
OM869522_6	0	decoy		
PZ022450.1_274	0	decoy		
MG592449_33	0	decoy		
MH700630_35	0	decoy		
PQ201080_57	0	decoy		
PP453647_47	0	decoy		
OP729297_281	0	decoy		
PV366776_48	0	decoy		
MG969411_232	0	decoy		
PX828563.1_6	0	decoy		
OL739525_282	0	decoy		
MN871506_61	0	decoy		
PQ184801_16	0	decoy		
MF919508_32	0	decoy		
PQ114736_55	0	decoy		
PQ453512_141	0	decoy		
PQ358941_22	0	decoy		
PP541515_19	0	decoy		
PV296009_58	0	decoy		
NC_025470_158	0	decoy		
OR584014_274	0	decoy		
NC_030920_8	0	decoy		
ON170184_57	0	decoy		
KU998237_29	0	decoy		
OP830907_38	0	decoy		
PX550018_14	0	decoy		
OZ196285_83	0	decoy		
MW584209_24	0	decoy		
NC_055708_27	0	decoy		
MW435858_49	0	decoy		
PQ158666_70	0	decoy		
NC_047816_2	0	decoy		
OP924544_34	0	decoy		
MT932212_15	0	decoy		
NC_042000_35	0	decoy		
NC_004589_36	0	decoy		
OP172684_23	0	decoy		
PQ571296_31	0	decoy		
OP172725_27	0	decoy		
PV036445_66	0	decoy		
PQ362660_173	0	decoy		
PV126534_261	0	decoy		
MT663720_45	0	decoy		
OP503988_12	0	decoy		
MT723933_104	0	decoy		
MN586007_2	0	decoy		
MH271308_42	0	decoy		
MK268344_207	0	decoy		
MK737944_12	0	decoy		
MH494197_351	0	decoy		
OR413581_121	0	decoy		
PX283096_26	0	decoy		
OQ921725_181	0	decoy		
NC_050154_71	0	decoy		
OR426634_92	0	decoy		
OR472445_14	0	decoy		
PP768166_9	0	decoy		
OM654404_15	0	decoy		
PQ768826_113	0	decoy		
MF288922_27	0	decoy		
NC_042137_38	0	decoy		
KY499642_211	0	decoy		
OK040794_25	0	decoy		
MH572281_1	0	decoy		
PV165877_26	0	decoy		
LC739535_221	0	decoy		
MN830252_55	0	decoy		
OP341624_12	0	decoy		
MN695335_170	0	decoy		
MN497415_114	0	decoy		
NC_028745_37	0	decoy		
MH341451_64	0	decoy		
PP456879_288	0	decoy		
NC_016766_65	0	decoy		
PP738773_11	0	decoy		
OR188719_25	0	decoy		
MK599315_196	0	decoy		
NC_042120_50	0	decoy		
OY979392_11	0	decoy		
NC_027399_4	0	decoy		
OK275491_91	0	decoy		
NC_049505_91	0	decoy		
MW202566_53	0	decoy		
PP931175_20	0	decoy		
MH019215_85	0	decoy		
OR532871_8	0	decoy		
MT684599_99	0	decoy		
NC_049927_8	0	decoy		
NC_049826_71	0	decoy		
OP630576_21	0	decoy		
PV890570_52	0	decoy		
NC_019925_73	0	decoy		
OL960030_148	0	decoy		
PV683292_182	0	decoy		
PP977194_13	0	decoy		
PV389083_14	0	decoy		
ON015836_34	0	decoy		
NC_028974_4	0	decoy		
MK135468_38	0	decoy		
PP098622_54	0	decoy		
OQ860967_8	0	decoy		
NC_031906_230	0	decoy		
MK359360_43	0	decoy		
PV685963_63	0	decoy		
PP738790_157	0	decoy		
NC_071009_42	0	decoy		
NC_015463_8	0	decoy		
AB231700_95	0	decoy		
AY500153_26	0	decoy		
MT110073_47	0	decoy		
OL455898_26	0	decoy		
MG592473_154	0	decoy		
PP781973_22	0	decoy		
MG602477_225	0	decoy		
PP627281_13	0	decoy		
KX349318_74	0	decoy		
PX516826_102	0	decoy		
OM513680_25	0	decoy		
PX408739.1_29	0	decoy		
OR532873_56	0	decoy		
MG969408_28	0	decoy		
NC_019451_29	0	decoy		
OP630576_11	0	decoy		
OR846587_37	0	decoy		
NC_028957_205	0	decoy		
OQ632216_230	0	decoy		
LR215718_56	0	decoy		
NC_048041_166	0	decoy		
OQ829281_90	0	decoy		
MH834601_20	0	decoy		
MT310898_237	0	decoy		
KU686202_80	0	decoy		
NC_048770_141	0	decoy		
NC_054941_94	0	decoy		
PQ289634_25	0	decoy		
MG592503_23	0	decoy		
OR544140_9	0	decoy		
OP172829_32	0	decoy		
KX349312_11	0	decoy		
MT074446_31	0	decoy		
OR395405_92	0	decoy		
OQ540978_52	0	decoy		
NC_027980_34	0	decoy		
MZ501080_57	0	decoy		
NC_062736_207	0	decoy		
OR532877_37	0	decoy		
NC_070779_145	0	decoy		
PV933155_48	0	decoy		
PP554575_165	0	decoy		
NC_026603_48	0	decoy		
MT133563_46	0	decoy		
NC_070969_39	0	decoy		
MN114083_48	0	decoy		
LR215718_219	0	decoy		
OZ034684_90	0	decoy		
NC_055848_68	0	decoy		
KX119195_7	0	decoy		
OQ291036_9	0	decoy		
MK170447_48	0	decoy		
NC_102531_119	0	decoy		
KR816508_56	0	decoy		
NC_015250_48	0	decoy		
OL519844_58	0	decoy		
PQ189351_17	0	decoy		
MT310859_7	0	decoy		
OR532817_321	0	decoy		
PQ571308_68	0	decoy		
NC_018088_91	0	decoy		
NC_070863_60	0	decoy		
NC_049832_72	0	decoy		
PV839591_91	0	decoy		
MK424903_9	0	decoy		
KJ019106_95	0	decoy		
MN830255_32	0	decoy		
PX963127.1_27	0	decoy		
MN807295_25	0	decoy		
MT310896_60	0	decoy		
MH651188_18	0	decoy		
NC_074658_13	0	decoy		
PQ184817_41	0	decoy		
MG945646_5	0	decoy		
MT354570_25	0	decoy		
PQ464597_51	0	decoy		
OL505078_20	0	decoy		
MZ209305_19	0	decoy		
NC_048849_141	0	decoy		
NC_105334_12	0	decoy		
MN703406_64	0	decoy		
NC_070657_2	0	decoy		
MT939486_466	0	decoy		
NC_055919_29	0	decoy		
NC_055716_137	0	decoy		
PQ768829_89	0	decoy		
OP186293_96	0	decoy		
NC_055747_127	0	decoy		
MW879343_494	0	decoy		
MN698247_37	0	decoy		
MW419086_239	0	decoy		
JF937102_59	0	decoy		
PV740454_365	0	decoy		
OK499982_9	0	decoy		
OP867026_62	0	decoy		
MW202484_44	0	decoy		
NC_014636_213	0	decoy		
OP380601_104	0	decoy		
OR896840_65	0	decoy		
PP766242_9	0	decoy		
NC_028825_99	0	decoy		
LR745208_155	0	decoy		
MW435857_25	0	decoy		
MN013077_14	0	decoy		
NC_055033_69	0	decoy		
CP067352_90	0	decoy		
MH319764_62	0	decoy		
AP014888_9	0	decoy		
OZ346202_59	0	decoy		
MK448818_44	0	decoy		
PZ172980.1_72	0	decoy		
NC_041973_77	0	decoy		
MZ501046_180	0	decoy		
OX638287_77	0	decoy		
OP172807_100	0	decoy		
NC_051621_82	0	decoy		
PV069679_11	0	decoy		
PV243670_35	0	decoy		
NC_028945_371	0	decoy		
NC_073673_1	0	decoy		
PQ096438_243	0	decoy		
AY129336_8	0	decoy		
MG592562_230	0	decoy		
PQ189390_17	0	decoy		
OR797042_67	0	decoy		
MK249193_5	0	decoy		
NC_047882_53	0	decoy		
ON755180_18	0	decoy		
ON456352_48	0	decoy		
MK967401_14	0	decoy		
KY022433_44	0	decoy		
MT451984_4	0	decoy		
NC_028934_23	0	decoy		
MN935200_113	0	decoy		
MN988519_274	0	decoy		
NC_050154_45	0	decoy		
KX119198_12	0	decoy		
MH399784_59	0	decoy		
PQ511149_210	0	decoy		
PQ657784_10	0	decoy		
MT135345_9	0	decoy		
NC_112204_81	0	decoy		
OM337877_165	0	decoy		
PP712906_263	0	decoy		
OP068344_1	0	decoy		
NC_048185_12	0	decoy		
OR050522_40	0	decoy		
MK376955_9	0	decoy		
NC_051626_27	0	decoy		
JX307705_63	0	decoy		
PV784032_255	0	decoy		
MK448882_43	0	decoy		
PV915862.1_70	0	decoy		
NC_103219_32	0	decoy		
NC_027363_14	0	decoy		
PP558214_6	0	decoy		
OP940114_42	0	decoy		
OP434458_53	0	decoy		
OL774870_7	0	decoy		
MG592529_72	0	decoy		
KJ019040_56	0	decoy		
OZ410336.1_155	0	decoy		
NC_052980_12	0	decoy		
NC_054912_251	0	decoy		
MK496796_6	0	decoy		
OP999021_3	0	decoy		
OR529408_66	0	decoy		
OM638088_81	0	decoy		
MN994500_11	0	decoy		
OR994999_36	0	decoy		
NC_069743_1	0	decoy		
NC_015279_136	0	decoy		
OM287554_21	0	decoy		
PP208920_2	0	decoy		
NC_047983_21	0	decoy		
PP496425_5	0	decoy		
MT006238_4	0	decoy		
PP405131_54	0	decoy		
NC_054896_28	0	decoy		
MH479926_56	0	decoy		
PP434429_144	0	decoy		
NC_028944_125	0	decoy		
MW202497_27	0	decoy		
PP620640_101	0	decoy		
MT080594_206	0	decoy		
PP965502_13	0	decoy		
KY555145_58	0	decoy		
MH825709_41	0	decoy		
NC_073589_3	0	decoy		
MW582634_22	0	decoy		
PV893055_70	0	decoy		
MH707429_185	0	decoy		
NC_055744_17	0	decoy		
NC_007623_3	0	decoy		
NC_048027_18	0	decoy		
NC_029016_42	0	decoy		
PV558788_3	0	decoy		
MZ334511_44	0	decoy		
OP009285_28	0	decoy		
NC_021536_116	0	decoy		
NC_048068_39	0	decoy		
NC_070967_146	0	decoy		
OR253908_37	0	decoy		
PV610739_36	0	decoy		
MZ501059_10	0	decoy		
NC_048639_57	0	decoy		
MH051914_27	0	decoy		
OP712474_12	0	decoy		
PV891366_2	0	decoy		
PZ069000.1_228	0	decoy		
PQ221054_62	0	decoy		
NC_020080_125	0	decoy		
OX241566_60	0	decoy		
PQ349265_258	0	decoy		
OZ196640_71	0	decoy		
MK279888_66	0	decoy		
OP714164_28	0	decoy		
ON528735_245	0	decoy		
NC_074641_40	0	decoy		
MZ622165_37	0	decoy		
PP695294_125	0	decoy		
PV357744_133	0	decoy		
MH319750_29	0	decoy		
PX096588_62	0	decoy		
CP054387_31	0	decoy		
NC_055833_40	0	decoy		
MN176227_73	0	decoy		
PX759567.1_17	0	decoy		
NC_111398_139	0	decoy		
OZ196063_87	0	decoy		
CP069348_170	0	decoy		
OP831166_49	0	decoy		
MK967392_53	0	decoy		
PQ641082_26	0	decoy		
MH669000_54	0	decoy		
OZ038336_24	0	decoy		
NC_006884_126	0	decoy		
MW082584_105	0	decoy		
JQ684677_21	0	decoy		
NC_047734_126	0	decoy		
NC_100372_40	0	decoy		
OP628076_54	0	decoy		
NC_048721_91	0	decoy		
KJ019132_70	0	decoy		
OK499977_103	0	decoy		
MH976508_46	0	decoy		
NC_020481_27	0	decoy		
NC_070677_27	0	decoy		
NC_041852_6	0	decoy		
MH707435_121	0	decoy		
NC_031077_51	0	decoy		
OM913598_5	0	decoy		
EU770221_10	0	decoy		
PX630728_11	0	decoy		
KY965065_37	0	decoy		
PP998226_2	0	decoy		
PX071741_16	0	decoy		
MN735434_166	0	decoy		
PQ118624_96	0	decoy		
NC_029000_109	0	decoy		
NC_007021_94	0	decoy		
LR794148_18	0	decoy		
OR253910_73	0	decoy		
NC_061442_43	0	decoy		
OP067662_41	0	decoy		
OP481051_46	0	decoy		
NC_016659_9	0	decoy		
PQ002170_203	0	decoy		
JN371768_118	0	decoy		
PX313720_39	0	decoy		
OM654377_88	0	decoy		
MF360958_404	0	decoy		
PQ227709_11	0	decoy		
KJ502657_44	0	decoy		
NC_028905_5	0	decoy		
NC_028697_4	0	decoy		
MN871444_2	0	decoy		
NC_062736_172	0	decoy		
MT310898_56	0	decoy		
PV277656_59	0	decoy		
OZ346219_29	0	decoy		
PP925839_101	0	decoy		
PX828562.1_70	0	decoy		
PV403753_6	0	decoy		
MZ826351_10	0	decoy		
PP906167_14	0	decoy		
PV105553_100	0	decoy		
PP848851_35	0	decoy		
MZ501046_181	0	decoy		
BK068095_23	0	decoy		
NC_041910_54	0	decoy		
NC_031006_107	0	decoy		
KJ019093_257	0	decoy		
PQ046924_3	0	decoy		
OR185440_16	0	decoy		
PV420835_109	0	decoy		
PP836962_43	0	decoy		
NC_023557_28	0	decoy		
EU826466_169	0	decoy		
MF370965_25	0	decoy		
NC_054929_46	0	decoy		
MK977705_22	0	decoy		
OR515479_91	0	decoy		
NC_048077_55	0	decoy		
PV915886.1_42	0	decoy		
OM971648_177	0	decoy		
OR797044_20	0	decoy		
NC_024139_95	0	decoy		
NC_006820_216	0	decoy		
PV130723_169	0	decoy		
PQ819873_219	0	decoy		
PQ066597_152	0	decoy		
PX283057_25	0	decoy		
KX356061.1_51	0	decoy		
PX705268.1_7	0	decoy		
NC_070725_51	0	decoy		
OP494211_22	0	decoy		
KT361920_28	0	decoy		
PP978773_64	0	decoy		
NC_023859_39	0	decoy		
NC_070923_20	0	decoy		
NC_051585_17	0	decoy		
OQ555808_15	0	decoy		
PV907197_4	0	decoy		
OR050522_72	0	decoy		
OR387118_6	0	decoy		
NC_105113_144	0	decoy		
NC_055744_39	0	decoy		
MH338239_53	0	decoy		
PQ850631_43	0	decoy		
NC_026924_166	0	decoy		
PQ657828_49	0	decoy		
OP947164_12	0	decoy		
OR434022_55	0	decoy		
MK733264_2	0	decoy		
KX371614_43	0	decoy		
MH020237_76	0	decoy		
NC_005083_281	0	decoy		
NC_071015_194	0	decoy		
MT952845_62	0	decoy		
NC_028783_35	0	decoy		
NC_028847_125	0	decoy		
LR535913_94	0	decoy		
PP047755_54	0	decoy		
OR487170_40	0	decoy		
LC567841_6	0	decoy		
PP978875_3	0	decoy		
KP027205_50	0	decoy		
PV126534_514	0	decoy		
MW202477_46	0	decoy		
MZ311863_98	0	decoy		
MW273923_8	0	decoy		
MT770738_55	0	decoy		
OM386656_193	0	decoy		
OR195044_7	0	decoy		
OR434020_13	0	decoy		
PQ510825_222	0	decoy		
KP027207_43	0	decoy		
NC_007065_48	0	decoy		
MK448881_6	0	decoy		
PX055572_16	0	decoy		
MK448870_26	0	decoy		
NC_073048_13	0	decoy		
NC_048678_10	0	decoy		
NC_023006_59	0	decoy		
OK258140_40	0	decoy		
NC_048757_134	0	decoy		
PX969468.1_35	0	decoy		
NC_027331_149	0	decoy		
PQ498460_1	0	decoy		
PP438427_4	0	decoy		
NC_073684_33	0	decoy		
KU160673_100	0	decoy		
NC_061440_251	0	decoy		
MN038176_283	0	decoy		
PQ785585_67	0	decoy		
MG592656_37	0	decoy		
NC_070982_111	0	decoy		
KY653119_27	0	decoy		
MT498064_7	0	decoy		
NC_024392_48	0	decoy		
PV890570_68	0	decoy		
PP932004_2	0	decoy		
NC_070967_257	0	decoy		
MK448801_27	0	decoy		
MN988516_70	0	decoy		
OP323059_156	0	decoy		
NC_023863_72	0	decoy		
OQ709223_49	0	decoy		
MT104122_15	0	decoy		
PQ031257_39	0	decoy		
OQ672745_39	0	decoy		
NC_073039_64	0	decoy		
OP714164_6	0	decoy		
KR131710_48	0	decoy		
OP161218_30	0	decoy		
PP511719_4	0	decoy		
OP331229_57	0	decoy		
PX673862_452	0	decoy		
PV759139_10	0	decoy		
OL617039_24	0	decoy		
MK672805_59	0	decoy		
NC_048861_95	0	decoy		
OM716005_51	0	decoy		
OR208547_52	0	decoy		
OZ196897_53	0	decoy		
KY653124_43	0	decoy		
OP380596_210	0	decoy		
NC_031024_30	0	decoy		
PP978772_18	0	decoy		
OP913465_17	0	decoy		
KX774321_20	0	decoy		
ON716453_40	0	decoy		
OR225223_65	0	decoy		
ON157416_120	0	decoy		
NC_031034_129	0	decoy		
MW862992_63	0	decoy		
NC_027363_38	0	decoy		
LC592711_241	0	decoy		
NC_042054_137	0	decoy		
KX550443_38	0	decoy		
PX020966_45	0	decoy		
ON260825_1	0	decoy		
NC_070880_12	0	decoy		
LC805024_157	0	decoy		
OR844768_38	0	decoy		
MW001214_63	0	decoy		
MG592549_22	0	decoy		
OR475270_52	0	decoy		
MF547662_164	0	decoy		
PQ493640_97	0	decoy		
PZ049694.1_156	0	decoy		
MK250029_669	0	decoy		
MH837542_53	0	decoy		
LC889036.1_54	0	decoy		
OR148986_44	0	decoy		
PP357476_18	0	decoy		
MH651180_24	0	decoy		
MW722080_1	0	decoy		
OZ346145_60	0	decoy		
NC_055813_121	0	decoy		
MW735835_145	0	decoy		
OK040790_222	0	decoy		
PP724615_120	0	decoy		
MT713136_339	0	decoy		
AP014889_96	0	decoy		
OZ196910_86	0	decoy		
PX313720_34	0	decoy		
MN364664_134	0	decoy		
PV915798.1_147	0	decoy		
PQ133597_8	0	decoy		
PV915821.1_46	0	decoy		
PP925821_27	0	decoy		
PP496436_190	0	decoy		
NC_020873_186	0	decoy		
MW057933_24	0	decoy		
OR983334_51	0	decoy		
NC_055875_11	0	decoy		
NC_031024_198	0	decoy		
OR472545_80	0	decoy		
OL840900_239	0	decoy		
ON453898_18	0	decoy		
NC_028944_262	0	decoy		
MH707436_245	0	decoy		
PQ493639_85	0	decoy		
NC_018088_56	0	decoy		
NC_020846_7	0	decoy		
MG592456_62	0	decoy		
NC_015463_65	0	decoy		
PX794760.1_48	0	decoy		
MZ573780_4	0	decoy		
PP430129_7	0	decoy		
PP750868_53	0	decoy		
BK059895_54	0	decoy		
OP172782_4	0	decoy		
OY978796_255	0	decoy		
OP172789_35	0	decoy		
NC_041997_149	0	decoy		
NC_021073_1	0	decoy		
PX787798.1_8	0	decoy		
OM728296_4	0	decoy		
NC_019526_163	0	decoy		
NC_105114_75	0	decoy		
MK448843_43	0	decoy		
MW023914_47	0	decoy		
ON814134_58	0	decoy		
OR237564_17	0	decoy		
OL964753_31	0	decoy		
NC_055870_67	0	decoy		
OP172708_30	0	decoy		
OR988063_38	0	decoy		
FJ483842_4	0	decoy		
PP358749_23	0	decoy		
PX630728_19	0	decoy		
MW677523_65	0	decoy		
NC_048103_39	0	decoy		
NC_047912_19	0	decoy		
NC_028944_224	0	decoy		
MZ622713_122	0	decoy		
MG969412_156	0	decoy		
ON170221_22	0	decoy		
OR805292_311	0	decoy		
KX611831_97	0	decoy		
ON392163_14	0	decoy		
OR360731_61	0	decoy		
PZ125037.1_19	0	decoy		
PQ898399_94	0	decoy		
MG945163_6	0	decoy		
OZ196828_74	0	decoy		
MW862981_63	0	decoy		
NC_030925_149	0	decoy		
PV764601_228	0	decoy		
MT276994_4	0	decoy		
LR756503_188	0	decoy		
MH051247_11	0	decoy		
LC545446_63	0	decoy		
MW055915_77	0	decoy		
NC_028681_55	0	decoy		
MZ501263_189	0	decoy		
MN270892_58	0	decoy		
OZ347387_121	0	decoy		
NC_054964_80	0	decoy		
NC_020851_52	0	decoy		
OK148441_13	0	decoy		
MG944236_26	0	decoy		
PX432177_13	0	decoy		
PZ086331.1_264	0	decoy		
OY757094_47	0	decoy		
OM908766_28	0	decoy		
NC_021537_14	0	decoy		
ON724014_27	0	decoy		
MW202796_74	0	decoy		
MZ089794_1	0	decoy		
PV036423_8	0	decoy		
PV876984.1_3	0	decoy		
PX104379_113	0	decoy		
NC_041977_34	0	decoy		
NC_135190_111	0	decoy		
NC_002484_21	0	decoy		
MZ322004_3	0	decoy		
NC_048855_23	0	decoy		
OK310502_157	0	decoy		
OK499997_174	0	decoy		
KX349302_106	0	decoy		
PQ582223_49	0	decoy		
MT515752_126	0	decoy		
PP582187_51	0	decoy		
NC_070960_131	0	decoy		
PP511690_7	0	decoy		
MW460245_7	0	decoy		
PP197244_22	0	decoy		
PV261924_239	0	decoy		
NC_041917_362	0	decoy		
MN445183_109	0	decoy		
MH791411_25	0	decoy		
PP418986_130	0	decoy		
NC_041896_90	0	decoy		
MT074142_218	0	decoy		
OM728303_97	0	decoy		
OQ355702_47	0	decoy		
NC_004348_10	0	decoy		
NC_101653_12	0	decoy		
NC_028945_337	0	decoy		
PP511490_4	0	decoy		
NC_111368_25	0	decoy		
OM421595_128	0	decoy		
OK254198_276	0	decoy		
OZ196285_156	0	decoy		
NC_022096_184	0	decoy		
MK719750_142	0	decoy		
OR352959_7	0	decoy		
MN270259_92	0	decoy		
KJ019163_95	0	decoy		
CP115603_8	0	decoy		
MW202426_42	0	decoy		
LR796661_14	0	decoy		
PX670417_5	0	decoy		
NC_071047_39	0	decoy		
OR521081_45	0	decoy		
PP892525_92	0	decoy		
NC_100331_103	0	decoy		
PP001500_95	0	decoy		
PP212876_22	0	decoy		
NC_105100_15	0	decoy		
MT710307_93	0	decoy		
MK448703_19	0	decoy		
PQ358086_24	0	decoy		
PP565371_99	0	decoy		
OR896837_116	0	decoy		
PQ471515_2	0	decoy		
MT446392_144	0	decoy		
OP869853_18	0	decoy		
MK448998_7	0	decoy		
NC_031943_9	0	decoy		
MH697575_44	0	decoy		
MW202748_33	0	decoy		
MT446416_522	0	decoy		
OP953026_15	0	decoy		
KR824843_42	0	decoy		
NC_006936_1	0	decoy		
NC_103213_41	0	decoy		
OP745480_42	0	decoy		
KX349324_66	0	decoy		
PV329802_41	0	decoy		
MW478290_21	0	decoy		
NC_028749_155	0	decoy		
PQ868952_54	0	decoy		
OW991345_38	0	decoy		
NC_042077_13	0	decoy		
PV366777_42	0	decoy		
MH669014_15	0	decoy		
NC_049900_47	0	decoy		
PQ184793_27	0	decoy		
LR745206_32	0	decoy		
MN183281_5	0	decoy		
OM634661_107	0	decoy		
MW712718_27	0	decoy		
PV916286_63	0	decoy		
MW560978_43	0	decoy		
MH616963_81	0	decoy		
KU682439_8	0	decoy		
NC_003315_1	0	decoy		
MG945550_3	0	decoy		
OQ709224_71	0	decoy		
PX418925.1_366	0	decoy		
OQ847583_63	0	decoy		
MK496786_1	0	decoy		
PQ362661_42	0	decoy		
PV891806_1	0	decoy		
NC_015159_30	0	decoy		
PV067694_19	0	decoy		
PQ133608_33	0	decoy		
MH319754_85	0	decoy		
PQ114740_39	0	decoy		
OQ790161_219	0	decoy		
KR296694_70	0	decoy		
OP628076_175	0	decoy		
NC_014661_181	0	decoy		
OY978798_22	0	decoy		
NC_073022_70	0	decoy		
NC_054393_17	0	decoy		
NC_062735_67	0	decoy		
MH494197_115	0	decoy		
PV806358_10	0	decoy		
MG592594_55	0	decoy		
MZ574432_276	0	decoy		
PV876956.1_79	0	decoy		
NC_022054_23	0	decoy		
MF919495_125	0	decoy		
NC_041881_167	0	decoy		
OP756059_110	0	decoy		
PQ241077_55	0	decoy		
PP839371_7	0	decoy		
OP296941_206	0	decoy		
MK524504_102	0	decoy		
MW349129_30	0	decoy		
NC_049856_122	0	decoy		
OP985600_12	0	decoy		
NC_020863_11	0	decoy		
KF547926_16	0	decoy		
PV036436_39	0	decoy		
OR204652_37	0	decoy		
OR820950_36	0	decoy		
LR756511_428	0	decoy		
ON453899_82	0	decoy		
NC_047900_94	0	decoy		
PV854180_21	0	decoy		
LC788708_76	0	decoy		
NC_048191_62	0	decoy		
NC_054912_206	0	decoy		
MH536814_221	0	decoy		
NC_001396_4	0	decoy		
MG945238_4	0	decoy		
KX160208_34	0	decoy		
PP179329_11	0	decoy		
PP395634_24	0	decoy		
MN703408_20	0	decoy		
ON456355_20	0	decoy		
PQ002170_217	0	decoy		
OP620778_318	0	decoy		
OR354836_112	0	decoy		
PX571967_82	0	decoy		
PX985685.1_47	0	decoy		
PV126534_463	0	decoy		
OZ346232_35	0	decoy		
PV915867.1_14	0	decoy		
PQ571161_15	0	decoy		
NC_021563_28	0	decoy		
OM982647_93	0	decoy		
CP062426_12	0	decoy		
PX668377.1_163	0	decoy		
ON968454_28	0	decoy		
OX241498_5	0	decoy		
PQ114748_24	0	decoy		
OL770309_134	0	decoy		
PZ005745.1_248	0	decoy		
NC_027622_1	0	decoy		
NC_054921_113	0	decoy		
OR496884_189	0	decoy		
MK359361_221	0	decoy		
OZ035728_259	0	decoy		
PV806175_14	0	decoy		
NC_048029_12	0	decoy		
MK359352_50	0	decoy		
OR548257_8	0	decoy		
OQ790161_213	0	decoy		
PP552876_29	0	decoy		
LC778249_143	0	decoy		
OQ411014_466	0	decoy		
NC_071041_259	0	decoy		
PQ844485_47	0	decoy		
NC_017974_78	0	decoy		
MK496752_5	0	decoy		
NC_025429_206	0	decoy		
NC_024391_24	0	decoy		
OR352957_24	0	decoy		
OZ196288_31	0	decoy		
OZ196578_32	0	decoy		
NC_015585_26	0	decoy		
PQ723753_46	0	decoy		
MK809530_43	0	decoy		
PV340852_214	0	decoy		
PP978897_4	0	decoy		
OP079919_207	0	decoy		
OL964744_9	0	decoy		
PQ066597_96	0	decoy		
OK272470_219	0	decoy		
PV864764_40	0	decoy		
ON528745_267	0	decoy		
PV067733_15	0	decoy		
MK494120_46	0	decoy		
PX963128.1_154	0	decoy		
PX097699_43	0	decoy		
NC_062756_43	0	decoy		
NC_031242_90	0	decoy		
OR599645_11	0	decoy		
ON857943_45	0	decoy		
OR594179_47	0	decoy		
MZ334498_97	0	decoy		
MW712724_50	0	decoy		
PQ589834_139	0	decoy		
MW176033_1	0	decoy		
PP003922_1	0	decoy		
LC768485_4	0	decoy		
PP357935_13	0	decoy		
OZ038336_88	0	decoy		
OQ560327_149	0	decoy		
OX241442_228	0	decoy		
NC_054393_65	0	decoy		
PQ474292_177	0	decoy		
OZ195729_103	0	decoy		
PP925846_74	0	decoy		
NC_073030_69	0	decoy		
NC_079181_3	0	decoy		
NC_006557_36	0	decoy		
PQ184821_145	0	decoy		
MN813675_8	0	decoy		
PX313720_46	0	decoy		
OZ035808_71	0	decoy		
PX907368.1_44	0	decoy		
PV808484_90	0	decoy		
NC_055710_52	0	decoy		
NC_005294_69	0	decoy		
MN153503_118	0	decoy		
NC_049340_125	0	decoy		
PV535314_112	0	decoy		
NC_025424_49	0	decoy		
NC_031022_54	0	decoy		
NC_005355_26	0	decoy		
CP019719_27	0	decoy		
PV261948_135	0	decoy		
MG945551_1	0	decoy		
MK373778_78	0	decoy		
MW273924_22	0	decoy		
PX425757.1_78	0	decoy		
NC_019407_10	0	decoy		
PP438418_78	0	decoy		
MZ334518_59	0	decoy		
LC667450_25	0	decoy		
PQ850629_3	0	decoy		
NC_019925_1	0	decoy		
KR093630_26	0	decoy		
MT446419_73	0	decoy		
OQ363659_217	0	decoy		
ON212265_85	0	decoy		
MN586029_129	0	decoy		
OP596614_69	0	decoy		
KT895374_154	0	decoy		
ON287373_51	0	decoy		
PP444687_35	0	decoy		
PP341282_7	0	decoy		
PP337210_65	0	decoy		
PQ374180_1	0	decoy		
MK305892_13	0	decoy		
OM728301_237	0	decoy		
MN270261_22	0	decoy		
MN399336_73	0	decoy		
MK878896_30	0	decoy		
NC_023587_118	0	decoy		
MG592606_56	0	decoy		
MT657341_130	0	decoy		
NC_030932_11	0	decoy		
PX516251_18	0	decoy		
MK088078_48	0	decoy		
OR206057_57	0	decoy		
NC_041994_52	0	decoy		
MW980072_27	0	decoy		
NC_031084_14	0	decoy		
MN850579_229	0	decoy		
PP212876_87	0	decoy		
MK448950_48	0	decoy		
NC_015937_147	0	decoy		
OP869850_8	0	decoy		
MZ089778_3	0	decoy		
OQ870555_12	0	decoy		
MK125140_69	0	decoy		
NC_048191_76	0	decoy		
MZ456352_60	0	decoy		
MZ501265_96	0	decoy		
NC_054953_30	0	decoy		
PQ464595_555	0	decoy		
PQ898399_325	0	decoy		
MG593800_37	0	decoy		
LC592711_116	0	decoy		
NC_005856_56	0	decoy		
NC_023610_83	0	decoy		
MH791404_218	0	decoy		
NC_071044_141	0	decoy		
MT735629_84	0	decoy		
OQ718158_569	0	decoy		
OQ938574_9	0	decoy		
PP934445_10	0	decoy		
OZ335627.1_97	0	decoy		
NC_023602_59	0	decoy		
NC_055737_178	0	decoy		
NC_012223_43	0	decoy		
MT375525_51	0	decoy		
NC_049398_28	0	decoy		
PX753329.1_31	0	decoy		
PX313717_71	0	decoy		
MK448681_15	0	decoy		
NC_001884_111	0	decoy		
MN813680_11	0	decoy		
MT872956_44	0	decoy		
MZ436628_48	0	decoy		
PX446291_105	0	decoy		
NC_019452_122	0	decoy		
KT309034_43	0	decoy		
MK496816_1	0	decoy		
OR584014_133	0	decoy		
ON042478_93	0	decoy		
OR455461_268	0	decoy		
NC_048143_52	0	decoy		
OQ709411_37	0	decoy		
OZ347391_259	0	decoy		
PX630737.1_10	0	decoy		
ON529868_13	0	decoy		
LR535904_242	0	decoy		
OZ335332_78	0	decoy		
MK448237_76	0	decoy		
OQ938587_29	0	decoy		
LR756504_56	0	decoy		
NC_055875_41	0	decoy		
PP740684_11	0	decoy		
PQ561417_25	0	decoy		
NC_024121_132	0	decoy		
NC_022989_2	0	decoy		
AP019418_310	0	decoy		
PV037644_59	0	decoy		
MK448714_51	0	decoy		
MH015255_185	0	decoy		
NC_048117_35	0	decoy		
OR699185_32	0	decoy		
OP764599_14	0	decoy		
PV357744_231	0	decoy		
MK359353_182	0	decoy		
OR515479_183	0	decoy		
MW879344_515	0	decoy		
NC_047955_18	0	decoy		
NC_079141_51	0	decoy		
PV654397_412	0	decoy		
OL961820_138	0	decoy		
NC_022771_22	0	decoy		
MH636380_85	0	decoy		
PQ314491_57	0	decoy		
NC_019509_40	0	decoy		
MF959998_58	0	decoy		
MH341451_59	0	decoy		
PQ184795_27	0	decoy		
PQ184823_21	0	decoy		
OR842557_74	0	decoy		
PP400783_156	0	decoy		
MW749007_66	0	decoy		
KX961632_286	0	decoy		
MN939408_12	0	decoy		
OX241555_3	0	decoy		
OR844766_190	0	decoy		
ON470617_21	0	decoy		
PV593634_71	0	decoy		
OX335403_206	0	decoy		
MK359337_70	0	decoy		
NC_070888_221	0	decoy		
OQ504983_145	0	decoy		
OR532876_37	0	decoy		
OR475291_23	0	decoy		
MN106245_206	0	decoy		
KX822733_120	0	decoy		
OR915848_47	0	decoy		
NC_042100_136	0	decoy		
MT119766_66	0	decoy		
OP172840_2	0	decoy		
NC_003444_20	0	decoy		
KX452700_46	0	decoy		
NC_042047_198	0	decoy		
NC_026587_55	0	decoy		
OR159649_45	0	decoy		
OR159650_56	0	decoy		
NC_071143_22	0	decoy		
MN698247_33	0	decoy		
PP978886_34	0	decoy		
PP027964_43	0	decoy		
PX400593_92	0	decoy		
PP680570_128	0	decoy		
PP180002_83	0	decoy		
NC_048086_11	0	decoy		
NC_020849_82	0	decoy		
OP172790_5	0	decoy		
MZ936314_44	0	decoy		
MH572522_2	0	decoy		
PQ066597_56	0	decoy		
PP948675_2	0	decoy		
PQ493642_115	0	decoy		
MT684602_12	0	decoy		
NC_070844_59	0	decoy		
PP668090_10	0	decoy		
NC_026609_26	0	decoy		
OQ817841_4	0	decoy		
NC_111368_32	0	decoy		
NC_047891_27	0	decoy		
PP856017_135	0	decoy		
NC_031027_153	0	decoy		
OP752703_195	0	decoy		
NC_054924_21	0	decoy		
MT822286_7	0	decoy		
MK903282_21	0	decoy		
MK112538_28	0	decoy		
NC_048170_16	0	decoy		
ON146294_30	0	decoy		
OZ196589_213	0	decoy		
MZ634346_52	0	decoy		
MZ417345_39	0	decoy		
ON146449_12	0	decoy		
ON975036_107	0	decoy		
NC_019486_55	0	decoy		
MT920315_138	0	decoy		
PV593634_108	0	decoy		
NC_071006_85	0	decoy		
LT598654_231	0	decoy		
PP663283_17	0	decoy		
OR420735_31	0	decoy		
OQ817837_44	0	decoy		
ON602767_7	0	decoy		
MZ388552_69	0	decoy		
CP103976_74	0	decoy		
PX436236_151	0	decoy		
PQ493642_1	0	decoy		
MK359320_51	0	decoy		
OK148441_177	0	decoy		
OP750331_33	0	decoy		
PV876963.1_188	0	decoy		
ON528733_49	0	decoy		
OR885926_38	0	decoy		
MK770119_83	0	decoy		
OP292654_367	0	decoy		
NC_028662_18	0	decoy		
PZ091928.1_40	0	decoy		
PV036425_48	0	decoy		
MN234236_38	0	decoy		
OP926971_14	0	decoy		
OP297178_35	0	decoy		
NC_054638_61	0	decoy		
OP729297_288	0	decoy		
OQ291023_54	0	decoy		
NC_041831_1	0	decoy		
NC_047734_9	0	decoy		
NC_019518_24	0	decoy		
MH171095_47	0	decoy		
NC_031924_31	0	decoy		
NC_070802_24	0	decoy		
OQ623150_17	0	decoy		
PP183292_43	0	decoy		
MZ570263_24	0	decoy		
NC_042028_86	0	decoy		
NC_049430_48	0	decoy		
PV764938_201	0	decoy		
MT813140_29	0	decoy		
MN204504_22	0	decoy		
PV454041_10	0	decoy		
MH688040_108	0	decoy		
MH598802_8	0	decoy		
OR769032_182	0	decoy		
PV663807_29	0	decoy		
PV941755.1_34	0	decoy		
PX866608.1_30	0	decoy		
PQ358086_19	0	decoy		
MZ417331_51	0	decoy		
PP738795_11	0	decoy		
MN882349_122	0	decoy		
NC_023688_42	0	decoy		
PQ963940_7	0	decoy		
KJ019096_179	0	decoy		
NC_042056_253	0	decoy		
PP920553_27	0	decoy		
OP329100_29	0	decoy		
PP582757_179	0	decoy		
NC_011216_7	0	decoy		
KY981271_14	0	decoy		
PV296018_2	0	decoy		
ON506924_25	0	decoy		
NC_042092_17	0	decoy		
LR756504_786	0	decoy		
JX042579_45	0	decoy		
PQ189388_12	0	decoy		
NC_008584_134	0	decoy		
MZ274310_23	0	decoy		
MN091625_20	0	decoy		
OQ921725_27	0	decoy		
OM971649_170	0	decoy		
ON210139_4	0	decoy		
PV593737_212	0	decoy		
NC_048794_142	0	decoy		
NC_054902_252	0	decoy		
NC_055872_30	0	decoy		
OK570374_19	0	decoy		
NC_048181_27	0	decoy		
NC_070951_256	0	decoy		
PP179312_32	0	decoy		
PV446873_44	0	decoy		
